team,nickname,ground,history
Arsenal,Gunners,Emirates Stadium,"Founded 1886. Historic London club with a long tradition of success."
Aston Villa,Villans,Villa Park,"Founded 1874. One of England's oldest and most successful clubs."
Bournemouth,Cherries,Vitality Stadium,"Founded 1899. South coast club competing in English football."
Brentford,Bees,Gtech Community Stadium,"Founded 1889. Community-focused club from West London."
Brighton And Hove Albion,Seagulls,Amex Stadium,"Founded 1901. South coast club known for modern development."
Burnley,Clarets,Turf Moor,"Founded 1882. Traditional Lancashire club with a proud history."
Chelsea,Blues,Stamford Bridge,"Founded 1905. London club with major domestic and European honours."
Crystal Palace,Eagles,Selhurst Park,"Founded 1905. South London club with passionate support."
Everton,Toffees,Goodison Park,"Founded 1878. Historic Merseyside club with a rich football heritage."
Fulham,Cottagers,Craven Cottage,"Founded 1879. Oldest professional club in London."
Leeds United,Whites,Elland Road,"Founded 1919. Yorkshire club with a strong football tradition."
Liverpool,Reds,Anfield,"Founded 1892. One of England's most successful football clubs."
Manchester City,Citizens,Etihad Stadium,"Founded 1880. Modern powerhouse with domestic and international success."
Manchester United,Red Devils,Old Trafford,"Founded 1878. One of the world's most recognised football clubs."
Newcastle United,Magpies,St James' Park,"Founded 1892. Historic North East club with devoted supporters."
Nottingham Forest,Tricky Trees,City Ground,"Founded 1865. Historic club with notable European achievements."
Sunderland,Black Cats,Stadium Of Light,"Founded 1879. North East club with strong traditions."
Tottenham Hotspur,Spurs,Tottenham Hotspur Stadium,"Founded 1882. North London club known for attacking football."
West Ham United,Hammers,London Stadium,"Founded 1895. East London club famous for academy development."
Wolverhampton Wanderers,Wolves,Molineux Stadium,"Founded 1877. Historic Midlands club with a proud history."
Real Madrid,Los Blancos,Santiago Bernabeu,"Founded 1902. Globally recognised Spanish football club."
Rangers,Gers,Ibrox Stadium,"Founded 1872. Historic Scottish club with a long tradition."
Celtic,Hoops,Celtic Park,"Founded 1887. Scottish club with a rich football history."
Ajax,Godenzonen,Johan Cruyff Arena,"Founded 1900. Dutch club celebrated for youth development."
England,Three Lions,Wembley Stadium,"National team representing England in international football."
Wales,Dragons,Cardiff City Stadium,"National team representing Wales in international football."
